"Parcel ID","Address","Sale Date","Sale Price","Qualified Sales","Reason","Acres","Parcel  Class ","Year  Built ","Square Ft ","Price Per  Square Ft ","Neighborhood"
"090A010033","2189 NE PINE KNOLL CIR","11/13/2020","$175,000.00","Qualified","01","0.54","Residential","1972","1882","$92.99","MOUNTAIN VALLEY EST"
"041B010182","1905 NW MILLSTREAM HOLLOW","11/23/2020","$165,000.00","Qualified","01","0.0","Residential","2018","1589","$103.84","PARKSIDE at TRAVERS CREEK"
"008A010082","3121 SW JACKSON CREEK DR","12/4/2020","$323,900.00","Qualified","01","0.73","Residential","2004","2747","$117.91","JACKSON CREEK"
"046B010125","1511 SE PIN OAK LN","12/10/2020","$162,100.00","Qualified","01","0.0","Residential","1986","1192","$135.99","OAKLEY DOWNS"
"046B010191","1570 SE MARSHALL LN","12/18/2020","$190,000.00","Qualified","01","0.0","Residential","1989","1772","$107.22","OAKLEY DOWNS"
"0180070012","2085 NW MONTEREY DR","12/22/2020","$229,900.00","Qualified","01","0.51","Residential","1971","2128","$108.04","LAKE CAPRI"
"076A020183","1207 SE SAXONY DR","12/7/2020","$269,900.00","Qualified","01","0.29","Residential","2002","3133","$86.15","HENSON VILLAGE"
"C39001071B","627 SE HUNTING CREEK LN","11/6/2020","$65,000.00","Qualified","01","0.0","Residential","1985","1200","$54.17","HUNTING CREEK TOWNHOMES"
"0630140028","2560 NE WINDING LAKE TRL","12/8/2020","$140,000.00","Qualified","01","0.54","Residential","1997","1404","$99.72","HI ROC"
"0140040035","3412 SW DEER TRAC","12/1/2020","$215,000.00","Qualified","01","7.83","Residential","1986","2120","$101.42","DEER HOLLOW"
"032D010040","1432 SW COTTON TRL","12/4/2020","$315,000.00","Qualified","01","2.84","Residential","2004","2655","$118.64","GATES OF DEER RUN"
"080A010273","1221 SE DOVER PL","11/24/2020","$290,900.00","Qualified","01","1.15","Residential","1998","2984","$97.49","BROOKFIELD STATION"
"010D010171","2102 SW WATTS LN","12/21/2020","$253,192.00","Qualified","01","0.0","Residential","2020","1792","$141.29","ELLIS POINTE"
"C250010051","1100 NE EAST VIEW CIR","12/11/2020","$65,000.00","Qualified","01","0.0","Residential","1973","1134","$57.32","EASTMORE PARK"
"064B010087","2606 NE GLENBROOK LANE","12/31/2020","$306,990.00","Qualified","01","0.21","Residential","2020","2877","$106.70","HARVEST MILL"
"010B010026","2783 SW LAKESIDE DR","12/11/2020","$267,000.00","Qualified","01","0.48","Residential","2000","2247","$118.83","STONECREST at ABBOTT LAKE"
"010D010144","2306 SW CANDY LN","12/18/2020","$226,031.00","Qualified","01","0.0","Residential","2020","1792","$126.13","ELLIS POINTE"
"C380010073","1809 NW CRESTRIDGE CIR","11/16/2020","$170,000.00","Qualified","01","0.0","Residential","1975","1482","$114.71","NORTHRIDGE"
"014A010002","3110 SW HAROLD WAY","11/16/2020","$275,000.00","Qualified","01","0.46","Residential","2001","2734","$100.59","ROSS MANOR"
"0120010063","1200 SW CASTLE POINT CT","12/22/2020","$181,000.00","Qualified","90","0.7","Residential","2021","3976","$45.52","CASTLE POINT"
"049A010302","895 SE SWEET BRIAR LN","11/18/2020","$165,000.00","Qualified","01","0.49","Residential","1979","1958","$84.27","HONEY CREEK"
"051B010073","620 SE GLENRIDGE CT","11/30/2020","$234,900.00","Qualified","01","0.47","Residential","1979","2058","$114.14","MEADOWBROOK SUBD"
"C350020016","1185 NE PINE LOG RD","11/9/2020","$162,900.00","Qualified","01","0.36","Residential","1965","1264","$128.88","PLANTATION DEV and ACRES"
"029001009B","2352 SW HIGHWAY 138","12/28/2020","$268,760.00","Qualified","01","2.47","Residential","1972","2556","$105.15","RURAL MAP 29"
"031A010186","1729 SW LITTLE BROOK DR","12/10/2020","$222,000.00","Qualified","01","0.28","Residential","1988","2475","$89.70","QUAIL MANOR"
"032A010157","385 SE HIDDEN VALLEY DR","11/2/2020","$199,900.00","Qualified","01","0.23","Residential","1987","1877","$106.50","HIDDEN VALLEY"
"051B010384","4820 SE WEST LAKE DR","12/4/2020","$222,500.00","Qualified","01","0.63","Residential","1986","1999","$111.31","MEADOWBROOK SUBD"
"0840010060","1109 NE VISTA TERR","11/4/2020","$471,000.00","Qualified","01","2.1","Residential","2001","2735","$172.21","WINDWARD CHASE"
"0500010016","191 SE COWAN RD","12/28/2020","$184,000.00","Qualified","01","0.98","Residential","1991","1886","$97.56","RURAL MAP 50"
"046B010121","1551 SE PIN OAK LN","11/20/2020","$100,000.00","Qualified","01","0.0","Residential","1987","1269","$78.80","OAKLEY DOWNS"
"055001075C","2313 NW WILSON RD","12/17/2020","$145,000.00","Qualified","01","0.49","Residential","1973","1200","$120.83","RURAL MAP 55"
"010D010110","2231 SW BEDELL DR","12/18/2020","$239,855.00","Qualified","01","0.0","Residential","2020","1824","$131.50","ELLIS POINTE"
"0140030010","3401 SW MONICA LN","11/5/2020","$148,000.00","Qualified","01","2.4","Residential","1983","2654","$55.76","ALLISON ESTATES"
"080A010093","4230 SE BRANDY LN","12/18/2020","$189,000.00","Qualified","01","0.48","Residential","1980","1742","$108.50","BRANDYWINE"
"077E010005","2326 SE FOUNTAIN HEAD CIR","12/22/2020","$239,000.00","Qualified","01","0.0","Residential","1994","2330","$102.58","FOUNTAINHEAD"
"0420020014","1564 NW MOUNTAIN VIEW RD","11/6/2020","$130,000.00","Qualified","01","0.44","Residential","1965","1040","$125.00","HIGHTOWER HILLS SUB"
"0470010068","74 SE FAIR OAKS DR","12/2/2020","$195,500.00","Qualified","01","0.98","Residential","1978","1463","$133.63","FAIROAKS"
"045B010293","1518 SW SUGARPLUM PL","12/28/2020","$160,100.00","Qualified","01","0.16","Residential","1989","1880","$85.16","SUGAR HILL and PINE VIEW"
"044A010018","1653 SW LANCASTER CREEK CIR","11/12/2020","$295,000.00","Qualified","01","0.0","Residential","2007","3946","$74.76","WINDSOR CREEK SUB"
"C390010137","1693 SE HUNTING CREEK DR","12/29/2020","$65,000.00","Qualified","01","0.0","Residential","1986","1008","$64.48","HUNTING CREEK TOWNHOMES"
"051B010515","4800 SE NORTHBROOK CT","11/25/2020","$230,000.00","Qualified","01","0.54","Residential","1994","2478","$92.82","MEADOWBROOK SUBD"
"079C010425","1750 SE SOUTHGATE LN","11/30/2020","$192,000.00","Qualified","01","0.22","Residential","1986","1384","$69.36","SOUTH GATE DUPLEX"
"0290020059","180 SW OLD MILL WAY","11/20/2020","$70,000.00","Qualified","01","0.2","Residential","1980","1252","$55.91","OLD MILL"
"045B010044","1619 SW CHERRY HILL CT","12/7/2020","$160,000.00","Qualified","01","0.24","Residential","1985","1540","$103.90","SUGAR HILL and PINE VIEW"
"041B010155","1789 NW MILLSTREAM HOLLOW","11/30/2020","$166,000.00","Qualified","01","0.0","Residential","2007","1938","$85.66","PARKSIDE at TRAVERS CREEK"
"077C010052","1622 SE BRENTWOOD CROSSING","11/12/2020","$238,000.00","Qualified","01","0.0","Residential","1990","2288","$104.02","BRENTWOOD 123"
"032A010186","246 SE BRIDGEWOOD DR","12/30/2020","$139,000.00","Qualified","01","0.46","Residential","1987","1392","$99.86","BRADFORD"
"049B010031","530 SE VALLEY WOODS CIR","12/22/2020","$155,000.00","Qualified","01","0.0","Residential","1976","1755","$88.32","ROLLING GREENS"
"046A010189","4405 SE CINDY PL","12/7/2020","$150,000.00","Qualified","01","0.12","Residential","1991","1260","$119.05","BILTMORE PLACE"
"C070010019","1180 NW LAKEVIEW DR","12/14/2020","$50,000.00","Qualified","01","0.51","Residential","1973","960","$52.08","CITY MAP 07"
"077A020085","2621 SE COUNTRY TRCE","12/9/2020","$210,000.00","Qualified","01","0.0","Residential","1985","1440","$72.92","FIELDSTONE VIEW"
"0640010114","2601 NE SHORE WOOD CT","12/18/2020","$155,000.00","Qualified","01","0.34","Residential","1987","1040","$74.52","RIVERCHASE TWH"
"093B010012","2421 SE FIELDSTONE DR","12/18/2020","$225,000.00","Qualified","01","0.51","Residential","1973","2861","$78.64","FIELDSTONE"
"0440030033","1829 SW WIGGINS CIR","12/22/2020","$139,050.00","Qualified","01","0.64","Residential","1971","1652","$84.17","FRANCIS HOLLOW"
"041001226A","1182 NW PINEDALE CIR","12/10/2020","$61,000.00","Qualified","01","0.09","Residential","2002","1242","$49.11","PINEDALE THSE NEW"
"C390010040","1769 SE BOB WHITE LN","12/15/2020","$392,000.00","Qualified","01","0.0","Residential","1997","1330","$68.77","HUNTING CREEK TOWNHOMES"
"027A010146","2330 SW CEDAR MILL DR","12/21/2020","$226,500.00","Qualified","01","0.32","Residential","1973","2486","$91.11","HIDDEN ACRES1"
"041001238A","1236 NW PINEDALE CIR","11/23/2020","$68,500.00","Qualified","01","0.1","Residential","2005","1324","$51.74","PINEDALE THSE NEW"
"041001237A","1232 NW PINEDALE CIR","11/23/2020","$64,800.00","Qualified","01","0.09","Residential","2002","1324","$48.94","PINEDALE THSE NEW"
"041001239A","1240 B NW PINEDALE CIR","11/23/2020","$68,200.00","Qualified","01","0.1","Residential","2005","1324","$51.51","PINEDALE THSE NEW"
"010D010105","2221 SW BEDELL DR","12/17/2020","$248,269.00","Qualified","01","0.0","Residential","2020","1824","$136.11","ELLIS POINTE"
"049A010499","613 SE HEARTWOOD WAY","12/23/2020","$295,000.00","Qualified","01","0.23","Residential","1988","2499","$118.05","HONEY CREEK"
"049A010329","380 SE CLUBLAND CIR","12/3/2020","$285,000.00","Qualified","01","0.51","Residential","2001","2856","$99.79","HONEY CREEK"
"0140020086","2008 SW MILLSTONE DR","12/30/2020","$272,146.00","Qualified","01","0.59","Residential","2003","3149","$86.42","MILLS RIDGE"
"011B010089","3061 SW WATER BROOK DR","11/9/2020","$197,600.00","Qualified","01","0.51","Residential","1994","1861","$106.18","BRIDGE WATER PLACE"
"032B010155","1870 SW CROWELL RD","12/1/2020","$233,300.00","Qualified","01","0.59","Residential","1999","1715","$136.03","MANCHESTER"
"014002007A","3429 SW EAST FAIRVIEW RD","12/16/2020","$251,000.00","Qualified","01","2.0","Residential","1997","2268","$110.67","RURAL MAP 14"
"0120010060","1228 SW CASTLE POINT CT","12/15/2020","$58,000.00","Qualified","01","0.69","Residential","2021","4506","$12.87","CASTLE POINT"
"0120010057","1239 SW CASTLE POINT CT","12/22/2020","$181,000.00","Qualified","90","0.75","Residential","2021","3670","$49.32","CASTLE POINT"
"0120010056","1235 SW CASTLE POINT CT","12/22/2020","$181,000.00","Qualified","90","0.85","Residential","2021","3749","$48.28","CASTLE POINT"
"0790020077","3494 SE CARLISLE CT","11/12/2020","$146,000.00","Qualified","01","0.0","Residential","1999","1388","$105.19","ASHFORD PLACE"
"0120010058","1236 SW CASTLE POINT CT","12/22/2020","$57,000.00","Qualified","01","0.68","Residential","2021","3860","$14.77","CASTLE POINT"
"091A010059","3373 NE BARTLETT AVE","12/30/2020","$67,000.00","Qualified","01","0.0","Residential","2021","3597","$18.63","MCCART LANDING"
"047C010082","726 SE SHORELINE TRL","11/25/2020","$100,500.00","Qualified","01","0.24","Residential","1972","1174","$85.60","LAKERIDGE"
"0780010008","786 SE ROBIN DR","11/20/2020","$80,000.00","Qualified","01","0.65","Residential","1971","1568","$51.02","PINEWOOD SHORE"
"025A010091","2286 SW BRIARWOOD CIR","12/1/2020","$159,700.00","Qualified","01","0.46","Residential","1973","1607","$99.38","BRIARWOOD SUB"
"C230010011","1310 NW GARDNER RD","12/22/2020","$230,000.00","Qualified","01","0.95","Residential","1965","2294","$100.26","CITY MAP 23"
"049B010096","4128 SE SWEET WATER LN","12/2/2020","$126,000.00","Qualified","01","0.52","Residential","1980","1303","$96.70","WILLOW CREEK"
"051C010074","838 SE COCHISE TRL","11/12/2020","$165,000.00","Qualified","01","0.0","Residential","1979","1978","$83.42","INDIAN RIDGE"
"051A010029","1661 SW HOLMES DR","11/4/2020","$132,000.00","Qualified","01","2.0","Residential","1979","1946","$67.83","DEER RUN"
"051A010208","5298 SW EAST SHORE DR","12/11/2020","$226,000.00","Qualified","01","1.03","Residential","1977","1689","$133.81","DEER RUN"
"028A010288","3101 SW EDINBURGH CT","11/3/2020","$368,101.00","Qualified","01","0.78","Residential","2003","3773","$97.56","LOCHINVER"
"049A010323","440 SE CLUBLAND CIR","12/16/2020","$226,000.00","Qualified","01","0.67","Residential","1984","2014","$112.21","HONEY CREEK"
"080B010073","3951 SE LEISURE CT","11/6/2020","$146,000.00","Qualified","01","0.46","Residential","1977","1350","$108.15","WOODLAND FOREST-LEISURE WOODS"
"010D010145","2304 SW CANDY LN","12/28/2020","$234,294.00","Qualified","01","0.0","Residential","2020","1792","$130.74","ELLIS POINTE"
"046A010235","2008 SE AMHERST LN","12/15/2020","$165,000.00","Qualified","01","0.62","Residential","1988","2282","$72.30","AMHERST CHASE"
"0130010029","3099 SW HIGHWAY 212","11/30/2020","$249,999.00","Qualified","01","5.47","Residential","1966","2386","$104.78","RURAL MAP 13"
"090B010124","2424 NE WINDRIDGE DR","11/20/2020","$161,300.00","Qualified","01","0.36","Residential","1990","1328","$121.46","WINDRIDGE SUB"
"0890010084","2936 NE CENTENNIAL DR","12/31/2020","$341,990.00","Qualified","01","0.34","Residential","2020","3279","$104.30","CENTENNIAL VILLAGE"
"0350020006","1386 NW ENCHANTED LAKE DR","12/31/2020","$177,390.00","Qualified","01","1.48","Residential","1972","1566","$113.28","ENCHANTED LAKES"
"077B010047","1225 SE AZALEA CIR","12/31/2020","$340,000.00","Qualified","01","0.0","Residential","1989","3539","$96.07","IRWIN PLACE"
"010D010143","2308 SW CANDY LN","12/31/2020","$232,765.00","Qualified","01","0.0","Residential","2020","1792","$129.89","ELLIS POINTE"
"032A010132","390 SE BRIDGEWOOD DR","12/31/2020","$165,000.00","Qualified","01","0.58","Residential","1985","1555","$106.11","BRADFORD"
"056A010024","1761 NW STAG DR","12/30/2020","$168,000.00","Qualified","01","0.46","Residential","1978","1250","$134.40","HUNTERS HOLLOW"
"0890010048","2947 NE CENTENNIAL DR","12/30/2020","$424,468.00","Qualified","01","0.59","Residential","2020","3452","$122.96","CENTENNIAL VILLAGE"
"090B010193","2319 NE ROCK MILL LN","12/30/2020","$185,000.00","Qualified","01","0.62","Residential","1994","1754","$105.47","THE PARK at WINDRIDGE"
"032A010038","180 SE GREENBRIAR CT","12/30/2020","$180,000.00","Qualified","01","0.53","Residential","1973","1571","$114.58","FLINTRIDGE EST"
"0110010078","1492 SW KINGS POINT WAY","12/30/2020","$391,900.00","Qualified","01","0.64","Residential","2020","3872","$101.21","COVENTRY"
"080C010017","1111 SE TONY VALLEY DR","12/30/2020","$155,000.00","Qualified","01","0.0","Residential","1975","1429","$108.47","TONEY VALLEY"
"051A010146","1746 SW HOLMES DR","12/30/2020","$237,500.00","Qualified","01","0.97","Residential","1979","2432","$97.66","DEER RUN"
"056A010004","793 NW LITTLE FAWN TRL","12/30/2020","$250,000.00","Qualified","01","0.46","Residential","1977","3027","$82.59","HUNTERS HOLLOW"
"064B010183","2804 NE LYDIAS WALK","12/30/2020","$268,490.00","Qualified","01","0.21","Residential","2020","2297","$116.89","HARVEST MILL"
"079B010148","3224 SE OLD SALEM RD","12/29/2020","$210,000.00","Qualified","01","0.0","Residential","1999","2072","$101.35","GARDENS OF FIELDSTONE"
"028A010024","2510 SW CHIMNEY RIDGE DR","12/29/2020","$315,000.00","Qualified","01","1.04","Residential","1990","2732","$115.30","CHIMNEY RIDGE ESTATE"
"041B010128","1616 NW HONEYSUCKLE PATH","12/29/2020","$166,000.00","Qualified","01","0.0","Residential","2007","1938","$85.66","PARKSIDE at TRAVERS CREEK"
"049A010283","3690 SE SUGAR CREEK LN","12/29/2020","$185,900.00","Qualified","01","0.53","Residential","1978","2471","$75.23","HONEY CREEK"
"064A010095","2606 NE SUMPTER TRL","12/29/2020","$231,000.00","Qualified","01","0.29","Residential","2003","2674","$86.39","RIVER RIDGE"
"0920010229","2610 NE BOSWORTH CT","12/29/2020","$430,000.00","Qualified","01","0.63","Residential","2020","4513","$95.28","POINTE ROYAL"
"C130010007","1202 NW SPRINGWOOD CIR","12/29/2020","$178,500.00","Qualified","01","0.5","Residential","1964","1541","$115.83","SPRINGWOODS"
"0680010122","1248 NE BROOKSTONE CIR","12/29/2020","$286,183.00","Qualified","01","0.19","Residential","2020","2880","$99.37","BROOKSTONE LAKES"
"0890010080","2787 NE SADDLE TRL","12/29/2020","$350,010.00","Qualified","01","0.38","Residential","2020","3068","$114.08","CENTENNIAL VILLAGE"
"008A010031","3735 SW WEEPING WAY","12/29/2020","$505,000.00","Qualified","01","4.39","Residential","2001","4558","$110.79","WILLOW BEND"
"C350020025","1202 NE CARDINAL RD","12/29/2020","$171,000.00","Qualified","01","0.34","Residential","1963","1825","$93.70","PLANTATION DEV and ACRES"
"046A010244","2105 SE AMHERST TRL","12/28/2020","$174,400.00","Qualified","01","0.48","Residential","1989","1422","$122.64","AMHERST CHASE"
"076A010037","2114 SE KING FOREST DR","12/28/2020","$65,000.00","Qualified","01","0.54","Residential","1978","2052","$31.68","KINGS FOREST"
"0780090019","853 SE WATERSIDE DR","12/28/2020","$222,900.00","Qualified","01","0.97","Residential","1972","2588","$86.13","PINEWOOD SHORE"
"090B010032","1617 NE PICADILLY CT","12/28/2020","$145,000.00","Qualified","01","0.32","Residential","1991","1329","$109.10","CHELSEA DOWNS SUB"
"0840010075","1124 NE MOCCASIN TRL","12/28/2020","$1,860,000.00","Qualified","01","4.16","Residential","2005","12378","$150.27","WELLINGTON CREEK"
"049B01182A","360 SE COWAN RD","12/23/2020","$230,000.00","Qualified","01","0.48","Residential","2002","1384","$166.18","WILLOW CREEK"
"0680010040","1227 NE BROOKSTONE CIR","12/23/2020","$295,560.00","Qualified","01","0.19","Residential","2020","2541","$116.32","BROOKSTONE LAKES"
"076A020060","1217 SE LAMBETH WAY","12/23/2020","$245,000.00","Qualified","01","0.83","Residential","1990","1994","$122.87","LAMBETH ESTATES"
"010D010169","2106 SW WATTS LN","12/23/2020","$255,670.00","Qualified","01","0.0","Residential","2020","1792","$142.67","ELLIS POINTE"
"047C010329","678 SE DEERING RD","12/23/2020","$164,000.00","Qualified","01","0.0","Residential","1986","1681","$97.56","STANTON and LANDM"
"079D010053","2711 SE WHITECREST CIR","12/23/2020","$253,000.00","Qualified","01","0.0","Residential","1996","2162","$117.02","WESTCHESTER LAKE"
"092A010020","2212 NE GINGER LAKE RD","12/23/2020","$351,054.00","Qualified","01","0.0","Residential","2020","2972","$118.12","GINGER LAKES"
"0510010018","4766 SE HIGHWAY 20","12/23/2020","$205,000.00","Qualified","01","1.0","Residential","1960","2258","$90.79","RURAL MAP 51"
"079C010266","2193 SE HAMPTON TRL","12/23/2020","$183,500.00","Qualified","01","0.42","Residential","1977","2406","$76.27","SALEM EAST"
"004002002D","3156 SW HIGHWAY 155","12/22/2020","$200,000.00","Qualified","01","2.11","Residential","1971","2975","$67.23","RURAL MAP 04"
"010B010010","2949 SW STONECREST POINTE","12/22/2020","$235,000.00","Qualified","01","0.53","Residential","2000","2173","$108.15","STONECREST at ABBOTT LAKE"
"0780090001","840 SE SHERBROOKE DR","12/22/2020","$105,000.00","Qualified","01","0.0","Residential","1974","1626","$64.58","PINEWOOD SHORE"
"080C010034","1108 SE TONY VALLEY DR","12/22/2020","$160,000.00","Qualified","01","0.0","Residential","1983","2485","$64.39","TONEY VALLEY"
"010D010146","2302 SW CANDY LN","12/22/2020","$232,939.00","Qualified","01","0.0","Residential","2020","1792","$129.99","ELLIS POINTE"
"C06004019A","1019 NW GREEN VALLEY DR","12/22/2020","$61,920.00","Qualified","01","0.0","Residential","1985","1200","$51.60","CONYERS STATION"
"028A010062","2212 SW INDEPENDENCE DR","12/22/2020","$210,000.00","Qualified","01","0.0","Residential","1988","2085","$100.72","COURTNEY LAKE"
"051B010084","632 SE BUCKEYE CIR","12/22/2020","$219,900.00","Qualified","01","0.27","Residential","1979","2103","$104.56","MEADOWBROOK SUBD"
"083001001B","4011 NE MILLER BOTTOM RD","12/22/2020","$356,000.00","Qualified","01","8.33","Residential","2001","3331","$106.87","RURAL MAP 83"
"010005014A","2728 SW LAKESIDE DR","12/22/2020","$199,000.00","Qualified","01","0.84","Residential","1968","1466","$135.74","ABBOTT ESTATES SUB"
"010D010170","2104 SW WATTS LN","12/21/2020","$251,509.00","Qualified","01","0.0","Residential","2020","1792","$140.35","ELLIS POINTE"
"010D010172","2100 SW WATTS LN","12/21/2020","$248,115.00","Qualified","01","0.0","Residential","2020","1824","$136.03","ELLIS POINTE"
"051A010268","1751 SW WINDSONG DR","12/21/2020","$295,000.00","Qualified","01","0.89","Residential","1990","2169","$136.01","DEER RUN"
"0760030009","2087 SE OLD SALEM RD","12/21/2020","$145,000.00","Qualified","01","3.82","Residential","1958","1463","$99.11","RURAL MAP 76"
"0410010226","1180 NW PINEDALE CIR","12/21/2020","$97,500.00","Qualified","01","0.09","Residential","2002","1242","$78.50","PINEDALE THSE NEW"
"080C010138","3530 SE TIFFANY DR","12/21/2020","$250,000.00","Qualified","01","0.0","Residential","1988","2122","$117.81","STONEY BROOK"
"079D010482","3134 SE BRIAN'S CREEK DR","12/21/2020","$300,000.00","Qualified","01","3.55","Residential","2002","2537","$118.25","WESTCHESTER LAKE"
"C150010006","988 NE MILSTEAD AVE","12/21/2020","$200,000.00","Qualified","01","0.41","Residential","1882","2480","$0.00","COMMERCIAL RESID USE"
"008001012J","3828 SW UNION CHURCH RD","12/21/2020","$234,000.00","Qualified","01","3.0","Residential","1976","1811","$129.21","RURAL MAP 08"
"025A010192","1109 SW WEST ADRIAN CIR","12/21/2020","$115,000.00","Qualified","01","0.46","Residential","1979","1056","$108.90","ADRIAN VILLAS SUB"
"0610010022","2195 NE WEST HIGHTOWER TRL","12/21/2020","$331,000.00","Qualified","01","3.0","Residential","1999","1602","$206.62","RURAL MAP 61"
"062A010092","2208 NE CLARENDON CT","12/18/2020","$196,000.00","Qualified","01","0.0","Residential","2005","1754","$111.74","ARLINGTON WOODS SUB"
"051B010126","4915 SE LAKE FOREST DR","12/18/2020","$276,000.00","Qualified","01","0.6","Residential","1985","2243","$123.05","MEADOWBROOK SUBD"
"055A020017","2170 NW ROCKDALE DR","12/18/2020","$185,000.00","Qualified","01","0.54","Residential","1968","1993","$92.82","ROCKDALE ACRES"
"077E010425","2954 SE LIGHTHOUSE WAY","12/18/2020","$192,000.00","Qualified","01","0.2","Residential","2003","1619","$118.59","OLDE SALEM TOWNSHIP"
"079D010203","1405 SE WINDY HILL CT","12/18/2020","$135,000.00","Qualified","01","0.46","Residential","1992","1859","$72.62","HONEY SPRINGS"
"055A01019B","1985 NW WILSON RD","12/18/2020","$135,000.00","Qualified","01","0.74","Residential","1940","1220","$110.66","RURAL MAP 55"
"051A010178","5164 SW WEST SHORE DR","12/18/2020","$390,000.00","Qualified","01","1.34","Residential","1976","3176","$122.80","DEER RUN"
"047C010321","573 SE ALMAND BRANCH RD","12/18/2020","$127,000.00","Qualified","01","0.0","Residential","1975","1776","$71.51","STANTON and LANDM"
"0890010069","2798 NE SADDLE TRL","12/18/2020","$362,732.00","Qualified","01","0.32","Residential","2020","3868","$93.78","CENTENNIAL VILLAGE"
"0890010077","2775 NE SADDLE TRL","12/18/2020","$372,010.00","Qualified","01","0.34","Residential","2020","3476","$107.02","CENTENNIAL VILLAGE"
"010D010107","2225 SW BEDELL DR","12/17/2020","$224,206.00","Qualified","01","0.0","Residential","2020","1792","$125.11","ELLIS POINTE"
"0820030028","3661 NE LAUREL LN","12/17/2020","$439,000.00","Qualified","90","3.33","Residential","1991","3179","$138.09","MOUNTAIN LAUREL"
"032D010090","2139 SW CREST WOOD DR","12/17/2020","$374,000.00","Qualified","01","1.12","Residential","2006","3275","$114.20","DEERWOOD"
"0480010028","3441 SE CREEKWOOD DR","12/17/2020","$162,000.00","Qualified","01","0.34","Residential","1979","1352","$119.82","HONEY CREEK U5"
"0120010043","3121 SW TRAFALGAR CT","12/17/2020","$482,800.00","Qualified","01","0.65","Residential","2020","4071","$118.59","KNIGHTS BRIDGE"
"049A010232","3722 SE SWEET BRIAR CT","12/17/2020","$200,000.00","Qualified","01","0.47","Residential","1976","1836","$108.93","HONEY CREEK"
"080D010042","1605 SE MADISON LN","12/17/2020","$447,900.00","Qualified","01","1.32","Residential","2020","4451","$100.63","MADISON CREEK"
"050A010020","1112 SE PLANTATION DR","12/17/2020","$195,000.00","Qualified","01","0.66","Residential","1988","1547","$126.05","PLANTATION WOODS"
"026A010033","2028 SW LOST MEADOW LN","12/17/2020","$233,000.00","Qualified","01","0.73","Residential","2000","2437","$95.61","MEADOW SPRINGS SUB"
"0640010366","1144 NE RIVER TUSK PL","12/17/2020","$262,000.00","Qualified","01","0.0","Residential","2005","2857","$91.70","RIVER CLUB at B  T"
"008001032A","3267 SW BOULDER DR","12/16/2020","$369,900.00","Qualified","90","4.07","Residential","1995","2498","$148.08","BOULDER BRANCH"
"046B010415","1755 SE HAYES CT","12/16/2020","$295,000.00","Qualified","01","0.46","Residential","2000","2944","$100.20","WEATHERSTONE"
"079C010328","3469 SE UNDERWOOD RD","12/16/2020","$155,000.00","Qualified","01","0.0","Residential","1976","1420","$109.15","SALEM WOODS"
"010D010142","2310 SW CANDY LN","12/16/2020","$236,389.00","Qualified","01","0.0","Residential","2020","1824","$129.60","ELLIS POINTE"
"0110010063","1453 SW KINGS POINT WAY","12/16/2020","$420,900.00","Qualified","01","1.35","Residential","2020","3916","$107.48","COVENTRY"
"064B010100","2617 NE GLENBROOK LANE","12/16/2020","$277,000.00","Qualified","01","0.17","Residential","2020","2416","$114.65","HARVEST MILL"
"010D010108","2227 SW BEDELL DR","12/16/2020","$235,405.00","Qualified","01","0.0","Residential","2020","1792","$131.36","ELLIS POINTE"
"010D010147","2300 SW CANDY LN","12/15/2020","$224,112.00","Qualified","01","0.0","Residential","2020","1792","$125.06","ELLIS POINTE"
"0110010083","1472 SW KINGS POINT WAY","12/15/2020","$391,900.00","Qualified","01","0.68","Residential","2020","3916","$100.08","COVENTRY"
"076A010104","1966 SE LOU DR","12/15/2020","$185,000.00","Qualified","01","0.0","Residential","1989","1798","$102.89","AUTUMN RIDGE"
"C240050023","1032 NE EAST VIEW RD","12/15/2020","$325,000.00","Qualified","01","0.0","Residential","2007","2988","$108.77","CITY MAP 24"
"091A010001","3210 NE LUCKY PL","12/15/2020","$319,580.00","Qualified","01","0.0","Residential","2006","3803","$84.03","MCCART LANDING"
"0680010010","2031 NE BOAR TUSK RD","12/15/2020","$200,000.00","Qualified","01","4.0","Residential","1964","1848","$108.23","RURAL MAP 68"
"055001038D","2361 NE HIGHWAY 20","12/14/2020","$450,000.00","Qualified","01","5.42","Residential","2007","3013","$149.35","RURAL MAP 55"
"012B010056","3016 SW HEIGHTS AVE","12/14/2020","$699,000.00","Qualified","01","0.69","Residential","2020","4280","$163.32","KLONDIKE HEIGHTS"
"0630060006","2370 NE OAKDALE RD","12/14/2020","$160,000.00","Qualified","01","0.69","Residential","1963","2226","$71.88","HI ROC"
"028A010122","2603 SW HIGH ST","12/14/2020","$354,000.00","Qualified","01","0.55","Residential","1996","2615","$135.37","LOCHINVER"
"077B010095","1312 SE JIMSON CIR","12/14/2020","$512,500.00","Qualified","01","0.75","Residential","1989","5325","$96.24","IRWIN PLACE"
"0680010088","1230 NE BROOKSTONE CIR","12/11/2020","$218,000.00","Qualified","01","0.19","Residential","2020","2976","$73.25","BROOKSTONE LAKES"
"0810010015","4209 NE HARALSON MILL RD","12/11/2020","$280,000.00","Qualified","87","4.13","Residential","1967","2035","$137.59","RURAL MAP 81"
"049A010175","3625 SE CLUBHOUSE LN","12/11/2020","$255,000.00","Qualified","01","0.65","Residential","1974","2064","$123.55","HONEY CREEK"
"0140010111","2536 SW SYCAMORE DR","12/11/2020","$365,000.00","Qualified","01","0.6","Residential","2006","3310","$110.27","SOUTH MILL"
"C340010049","1225 NE KATHY CT","12/11/2020","$130,000.00","Qualified","01","0.0","Residential","1980","1248","$104.17","WOODBRIDGE SUB"
"028A010180","2642 SW HIGH ST","12/11/2020","$362,000.00","Qualified","01","0.88","Residential","1997","2708","$133.68","LOCHINVER"
"0580010053","2349 NE FAWNLEDGE","12/11/2020","$295,000.00","Qualified","01","2.53","Residential","2002","2833","$104.13","INDIAN SHOALS SUB"
"0750010146","700 SE SILVER SUMMIT DR","12/11/2020","$203,000.00","Qualified","01","0.0","Residential","2006","1775","$114.37","SILVER SUMMIT"
"050A010125","1068 SE PLANTATION BLVD","12/10/2020","$189,500.00","Qualified","01","0.46","Residential","1988","1652","$114.71","PLANTATION WOODS"
"0680010093","1335 NE BROOKSTONE LAKE DR","12/10/2020","$288,045.00","Qualified","01","0.19","Residential","2020","2356","$122.26","BROOKSTONE LAKES"
"093B010024","2535 SE HIGHLAND GOLF COURSE DR","12/10/2020","$180,000.00","Qualified","01","0.48","Residential","1975","1602","$112.36","FIELDSTONE"
"0750010045","932 SE REMINGTON DR","12/10/2020","$195,000.00","Qualified","01","0.0","Residential","1971","2201","$88.60","REMINGTON SUB"
"080D010024","1629 SE MADISON LN","12/10/2020","$441,900.00","Qualified","01","1.14","Residential","2020","3384","$130.59","MADISON CREEK"
"010D010132","2405 SW FITTS DR","12/9/2020","$237,193.00","Qualified","01","0.0","Residential","2020","1792","$132.36","ELLIS POINTE"
"046B010569","3240 SE LIBERTY CT","12/9/2020","$250,000.00","Qualified","01","0.47","Residential","2003","2634","$94.91","WEATHERSTONE"
"C230040015","1392 NW PEGGY LN","12/9/2020","$170,000.00","Qualified","01","0.39","Residential","1969","1300","$130.77","HICKS SUB"
"041B010034","1505 NW EVERGREEN HOLLOW LANE","12/8/2020","$246,500.00","Qualified","01","0.0","Residential","2006","2872","$85.83","THE PRESERVE at TRAVERS CREEK"
"010D010127","2418 SW FITTS DR","12/8/2020","$224,402.00","Qualified","01","0.0","Residential","2020","1792","$125.22","ELLIS POINTE"
"0840010078","1113 NE MOCCASIN TRL","12/8/2020","$900,000.00","Qualified","01","2.83","Residential","2003","5105","$176.30","WELLINGTON CREEK"
"C390010117","1698 SE HUNTING CREEK DR","12/8/2020","$85,000.00","Qualified","01","0.0","Residential","1986","1095","$77.63","HUNTING CREEK TOWNHOMES"
"032A010233","4311 SE DERBYSHIRE TRAC","12/7/2020","$168,000.00","Qualified","01","0.0","Residential","1988","1382","$121.56","BRADFORD"
"051B010442","4801 SE MEADOWLARK DR","12/7/2020","$275,000.00","Qualified","01","0.48","Residential","1990","2035","$135.14","MEADOWBROOK SUBD"
"0680010041","1229 NE BROOKSTONE CIR","12/7/2020","$297,770.00","Qualified","01","0.19","Residential","2020","2691","$110.65","BROOKSTONE LAKES"
"077D010283","1140 SE FOUNTAIN CREST DR","12/7/2020","$305,000.00","Qualified","01","0.41","Residential","2003","2838","$107.47","FOUNTAINCREST"
"050A010198","1201 SE WELLSPRING WAY","12/7/2020","$192,748.00","Qualified","01","0.57","Residential","1991","1764","$109.27","PLANTATION WOODS"
"C380010083","1798 NW CRESTRIDGE CIR","12/7/2020","$159,000.00","Qualified","01","0.0","Residential","1975","1242","$128.02","NORTHRIDGE"
"011A010022","2906 SW GLENHAVEN CT","12/4/2020","$195,000.00","Qualified","01","1.0","Residential","1977","1662","$117.33","HAVENRIDGE SUB"
"050001009B","871 SE COWAN RD","12/4/2020","$363,000.00","Qualified","01","8.17","Residential","1979","3042","$119.33","RURAL MAP 50"
"0890010057","2983 NE CENTENNIAL DR","12/4/2020","$335,940.00","Qualified","01","0.63","Residential","2020","3682","$91.24","CENTENNIAL VILLAGE"
"093A010079","2730 SE FIELDSTONE DR","12/4/2020","$255,000.00","Qualified","01","0.0","Residential","1974","3174","$80.34","FIELDSTONE"
"0410010030","1765 NW ROCKBRIDGE RD","12/4/2020","$127,000.00","Qualified","01","0.46","Residential","1969","1092","$116.30","ROCKBRIDGE SUB"
"C090020132","2065 SW APPALOOSA WAY","12/4/2020","$185,000.00","Qualified","01","0.0","Residential","2006","1482","$124.83","BRIDLE RIDGE WALK"
"0670020074","120 NE WELLBROOK CT","12/4/2020","$178,000.00","Qualified","01","0.0","Residential","2006","1650","$107.88","WELLBROOK PARK"
"0450010051","1713 SW MCCOLLUM RD","12/4/2020","$165,000.00","Qualified","01","0.94","Residential","1972","1080","$152.78","MCCOLLUM SUB"
"010D010138","2506 SW CASH CT","12/4/2020","$227,382.00","Qualified","01","0.0","Residential","2020","1792","$126.89","ELLIS POINTE"
"049A010325","420 SE CLUBLAND CIR","12/3/2020","$239,000.00","Qualified","01","0.57","Residential","1984","2055","$116.30","HONEY CREEK"
"0510010031","4573 SE NORTH WOODLAKE LN","12/3/2020","$155,000.00","Qualified","01","0.0","Residential","1976","1426","$108.70","HIDDEN LAKE"
"077B010066","1310 SE VINEYARD DR","12/3/2020","$310,000.00","Qualified","01","0.48","Residential","1987","2710","$114.39","IRWIN PLACE"
"0660060070","173 NE ELLIS DR","12/2/2020","$142,000.00","Qualified","01","0.0","Residential","2005","1518","$93.54","MILSTEAD PLACE"
"032A010029","171 SE GREENBRIAR CT","12/2/2020","$186,100.00","Qualified","01","0.46","Residential","1973","1460","$127.47","FLINTRIDGE EST"
"032B010136","1539 SW DEVONSHIRE WAY","12/1/2020","$225,200.00","Qualified","87","0.94","Residential","1999","1862","$120.95","STRATFORD SD"
"0050020005","4863 SW HIGHWAY 138","11/30/2020","$224,500.00","Qualified","01","8.78","Residential","1972","1380","$162.68","RURAL MAP 05"
"0170010041","3400 NW LISMORE","11/30/2020","$500,000.00","Qualified","01","4.65","Residential","1988","4096","$122.07","SMOKERISE EAST"
"0710010047","1828 NE MILLSTONE MANOR","11/30/2020","$310,000.00","Qualified","01","0.0","Residential","2006","3076","$100.78","MILSTONE MANOR"
"051A010122","5121 SW EAST SHORE DR","11/30/2020","$344,900.00","Qualified","01","1.04","Residential","1974","2527","$136.49","DEER RUN"
"077E010052","2485 SE HAMPSHIRE COVE","11/30/2020","$158,000.00","Qualified","01","0.0","Residential","2001","1500","$105.33","OLDE SALEM TOWNSHIP"
"051C010222","4827 SE NAVAJO TRL","11/30/2020","$197,500.00","Qualified","01","0.8","Residential","1987","1947","$101.44","CEDAR BROOK"
"0920010241","2556 NE PATTINGTON WAY","11/30/2020","$438,800.00","Qualified","01","0.96","Residential","2020","4287","$102.36","POINTE ROYAL"
"010D010150","2313 SW CANDY LN","11/30/2020","$228,511.00","Qualified","01","0.0","Residential","2020","1792","$127.52","ELLIS POINTE"
"032C010140","6476 SW BELLEVUE DR","11/30/2020","$390,000.00","Qualified","01","2.51","Residential","1998","3061","$127.41","DEER FOREST"
"0470010087","3172 SE NORTH OAK CT","11/30/2020","$199,000.00","Qualified","01","0.83","Residential","1983","1599","$124.45","FAIROAKS"
"064B010184","2802 NE LYDIAS WALK","11/30/2020","$273,490.00","Qualified","01","0.24","Residential","2020","2852","$95.89","HARVEST MILL"
"077B010018","1170 SE AZALEA CIR","11/27/2020","$295,000.00","Qualified","01","0.84","Residential","1985","2840","$103.87","IRWIN PLACE"
"045A010074","1439 SW ALMAND CREEK DR","11/27/2020","$150,000.00","Qualified","01","0.25","Residential","1982","1896","$79.11","ALMAND CREEK SUB"
"0290020118","2507 SW NUGGET DR","11/25/2020","$910,000.00","Qualified","90","0.0","Residential","1986","1242","$732.69","HERITAGE EST"
"0290020115","2495 SW NUGGET DR","11/25/2020","$910,000.00","Qualified","90","0.0","Residential","1986","1320","$689.39","HERITAGE EST"
"009002003H","4269 SW BOWEN RD","11/25/2020","$254,000.00","Qualified","01","2.08","Residential","1979","2197","$115.61","RURAL MAP 09"
"0110010084","1468 SW KINGS POINT WAY","11/25/2020","$379,900.00","Qualified","01","0.63","Residential","2020","3771","$100.74","COVENTRY"
"077C010256","2364 SE BRENTMOORE POINT","11/25/2020","$345,000.00","Qualified","01","0.83","Residential","1997","3219","$107.18","THE OAKES at BRENTWOOD"
"0290020126","2494 SW NUGGET DR","11/25/2020","$910,000.00","Qualified","90","0.0","Residential","1987","1320","$689.39","HERITAGE EST"
"0290020132","2470 SW NUGGET DR","11/25/2020","$910,000.00","Qualified","90","1.0","Residential","1987","1481","$614.45","HERITAGE EST"
"0490010054","220 SE COWAN RD","11/25/2020","$600,000.00","Qualified","01","5.25","Residential","2004","3358","$178.68","RURAL MAP 49"
"0750010069","1529 SE OLD MCDONOUGH HWY","11/25/2020","$125,000.00","Qualified","01","0.0","Residential","1971","1056","$118.37","REMINGTON SUB"
"0290020121","2519 SW NUGGET DR","11/25/2020","$910,000.00","Qualified","90","0.0","Residential","1985","1190","$764.71","HERITAGE EST"
"0290020129","2482 SW NUGGET DR","11/25/2020","$910,000.00","Qualified","90","0.0","Residential","1985","1313","$693.07","HERITAGE EST"
"029A010026","2920 SW SOUTHPARK TER","11/25/2020","$238,600.00","Qualified","01","0.58","Residential","1993","2306","$103.47","SOUTHPARK"
"051B010366","4761 SE WEST LAKE DR","11/25/2020","$229,000.00","Qualified","01","0.62","Residential","1988","1889","$121.23","MEADOWBROOK SUBD"
"079A010005","1005 SE FOX ST","11/25/2020","$152,900.00","Qualified","01","0.0","Residential","1974","1460","$104.73","FOXWOOD HILLS"
"038A010061","1901 NW WESTMINISTER WAY","11/24/2020","$203,000.00","Qualified","01","1.76","Residential","1982","1896","$107.07","PACES LANDING"
"C06004027C","1339 NW LAKEVIEW DR","11/24/2020","$85,000.00","Qualified","01","0.0","Residential","1985","1200","$70.83","CONYERS STATION"
"C39001117C","1704 SE HUNTING CREEK DR","11/24/2020","$76,500.00","Qualified","01","0.0","Residential","1986","1095","$69.86","HUNTING CREEK TOWNHOMES"
"090B010003","1405 NE CHELSEA DOWNS LN","11/24/2020","$190,000.00","Qualified","01","0.44","Residential","1987","2151","$88.33","CHELSEA DOWNS SUB"
"009001008A","4223 SW UNION CHURCH RD","11/24/2020","$255,000.00","Qualified","01","1.3","Residential","1991","2447","$104.21","RURAL MAP 09"
"0690010030","1464 A NE PINE LOG RD","11/24/2020","$53,500.00","Qualified","01","0.0","Residential","1973","700","$76.43","VIEW POINT EAST"
"032002002A","1610 SW HIGHWAY 212","11/24/2020","$180,000.00","Qualified","01","1.13","Residential","1976","1639","$109.82","RURAL MAP 32"
"064B010072","2744 NE POTTERS WALK","11/24/2020","$238,690.00","Qualified","01","0.31","Residential","2020","2131","$112.01","HARVEST MILL"
"077E010414","2900 SW LIGHTHOUSE WAY","11/24/2020","$225,000.00","Qualified","01","0.23","Residential","2004","2105","$106.89","OLDE SALEM TOWNSHIP"
"C230020033","1423 NW NORTH HICKS CIR","11/24/2020","$160,000.00","Qualified","01","0.34","Residential","1967","988","$161.94","HICKS SUB"
"011C010013","1066 SW FALLS BROOKE DR","11/23/2020","$250,000.00","Qualified","01","0.85","Residential","2001","2307","$108.37","THE FALLS AT BRIDGEWATER"
"0640010438","1702 NE RIVER MILL TRL","11/23/2020","$280,000.00","Qualified","01","0.0","Residential","2006","3009","$93.05","RIVER CLUB at B  T"
"0790020078","3498 SE CARLISLE CT","11/23/2020","$180,000.00","Qualified","01","0.0","Residential","1999","1282","$140.41","ASHFORD PLACE"
"0180020004","2767 NW LAKE CAPRI DR","11/23/2020","$194,900.00","Qualified","01","0.58","Residential","1964","1429","$136.39","LAKE CAPRI"
"0690010205","1665 NE VILLAGE PLACE CIR","11/23/2020","$225,000.00","Qualified","01","0.23","Residential","2003","2806","$80.19","VILLAGE PLACE"
"077B010253","1651 SE CANTERBURY POINTE","11/23/2020","$332,500.00","Qualified","01","0.82","Residential","1993","3916","$84.91","ANNSBROOKE"
"0190030008","2536 NW AMALFI DR","11/23/2020","$170,000.00","Qualified","01","0.51","Residential","1966","1395","$121.86","LAKE CAPRI"
"051B010041","5156 SE PARKSIDE DR","11/23/2020","$250,000.00","Qualified","01","2.15","Residential","1980","2394","$104.43","MEADOWBROOK SUBD"
"0110010060","1504 SW NORTHPOINT CT","11/23/2020","$376,400.00","Qualified","01","0.89","Residential","2020","3771","$99.81","COVENTRY"
"049A010284","3680 SE SUGAR CREEK LN","11/23/2020","$234,900.00","Qualified","01","0.43","Residential","1977","2660","$88.31","HONEY CREEK"
"0620010011","2080 NE GLEATON RD","11/23/2020","$115,000.00","Qualified","01","1.0","Residential","1900","993","$115.81","RURAL MAP 62"
"012B010006","3013 SW HEIGHTS AVE","11/20/2020","$500,000.00","Qualified","01","0.64","Residential","2020","4118","$121.42","KLONDIKE HEIGHTS"
"069002006B","857 B NE PARK PL","11/20/2020","$85,000.00","Qualified","01","0.0","Residential","1984","1183","$71.85","HUNTERS POINT"
"C090020027","2130 SW APPALOOSA WAY","11/20/2020","$160,000.00","Qualified","01","0.0","Residential","2005","1310","$122.14","BRIDLE RIDGE WALK"
"007001016B","4232 SW EAST FAIRVIEW RD","11/20/2020","$240,000.00","Qualified","90","0.13","Residential","1955","952","$252.10","RURAL MAP 07"
"010D010124","2412 SW FITTS DR","11/20/2020","$225,828.00","Qualified","01","0.0","Residential","2020","1792","$126.02","ELLIS POINTE"
"010D010136","2510 SW CASH CT","11/20/2020","$230,546.00","Qualified","01","0.0","Residential","2020","1792","$128.65","ELLIS POINTE"
"0180020032","3004 NW BARCELONA WAY","11/20/2020","$204,000.00","Qualified","01","0.47","Residential","1976","2155","$94.66","LAKE CAPRI"
"0240010036","927 SW BLACKLAWN RD","11/20/2020","$480,000.00","Qualified","90","5.46","Residential","1984","3911","$122.73","RURAL MAP 24"
"049A010498","611 SE HEARTWOOD WAY","11/20/2020","$263,000.00","Qualified","01","0.5","Residential","1995","1897","$138.64","HONEY CREEK"
"C320010060","1297 NE SHADOWLAWN DR","11/20/2020","$205,000.00","Qualified","01","0.0","Residential","1994","1710","$119.88","VALLEY VIEW ESTATES"
"079D010101","2933 SE CHESTERFIELD WAY","11/20/2020","$350,500.00","Qualified","01","0.0","Residential","1990","2758","$127.08","WESTCHESTER LAKE"
"079C010161","3365 SE CONCORD COR","11/19/2020","$210,000.00","Qualified","01","0.39","Residential","1976","2605","$80.61","SALEM LAKE SUB"
"0920010053","2605 NE GLENDALE CT","11/19/2020","$265,000.00","Qualified","01","0.0","Residential","1974","2310","$114.72","GLENDALE ACRES"
"025A010375","804 SW CAMBRIDGE CREEK DR","11/19/2020","$220,000.00","Qualified","01","0.0","Residential","1996","2164","$101.66","CAMBRIDGE CREEK SUB"
"012A010058","2902 SW BRIDLE CREEK DR","11/19/2020","$246,000.00","Qualified","01","0.62","Residential","1997","2091","$117.65","BRIDLE CREEK SUB"
"0110010052","1541 SW NORTHPOINT CT","11/19/2020","$389,100.00","Qualified","01","1.51","Residential","2020","3872","$100.49","COVENTRY"
"028001009J","2155 SW HASTY DR","11/19/2020","$145,500.00","Qualified","01","2.23","Residential","1980","1680","$86.61","RURAL MAP 28"
"010D010153","2307 SW CANDY LN","11/18/2020","$227,042.00","Qualified","01","0.0","Residential","2020","1792","$126.70","ELLIS POINTE"
"041B010227","2064 NW WILDFLOWER WAY","11/18/2020","$176,900.00","Qualified","01","0.0","Residential","2017","1589","$111.33","PARKSIDE at TRAVERS CREEK"
"0660070010","1575 NE MAIN ST","11/18/2020","$159,530.00","Qualified","01","0.27","Residential","1910","2068","$77.14","MILLSTEAD VILLAGE"
"057B010173","1694 NW CALLAWAY LP","11/18/2020","$210,000.00","Qualified","01","0.23","Residential","2002","2537","$82.77","SUGAR HILLat CALLAWAY"
"077E010067","2414 SE HAMPSHIRE COVE","11/18/2020","$190,000.00","Qualified","01","0.0","Residential","2001","1500","$126.67","OLDE SALEM TOWNSHIP"
"0790020125","1145 SE CARILLON DR","11/18/2020","$350,000.00","Qualified","01","0.0","Residential","2019","2711","$129.10","CARILLON"
"C230020026","1416 NW SOUTH HICKS CIR","11/18/2020","$110,000.00","Qualified","01","0.24","Residential","1970","1352","$81.36","HICKS SUB"
"010C010064","2900 NE ASH GROVE DR","11/18/2020","$480,000.00","Qualified","01","0.54","Residential","2016","3598","$133.41","THE PARKS OF STONECREST"
"012B010022","3301 SW STEEPLE CHASE","11/17/2020","$60,000.00","Qualified","01","1.19","Residential","2021","4416","$13.59","KLONDIKE HEIGHTS"
"028B010009","3140 SW BRIGHTON PASS","11/17/2020","$299,900.00","Qualified","01","0.59","Residential","2006","2999","$100.00","BRIGHTON ESTATES"
"080D010023","1633 SE MADISON LN","11/17/2020","$444,230.00","Qualified","01","1.31","Residential","2020","4504","$98.63","MADISON CREEK"
"077A020103","2622 SE COUNTRY TRCE","11/17/2020","$225,000.00","Qualified","01","0.0","Residential","1985","1680","$66.96","FIELDSTONE VIEW"
"C370010042","960 NW MEADOW BROOK LN","11/17/2020","$165,000.00","Qualified","01","0.0","Residential","1972","1251","$131.89","NORTHRIDGE"
"0570050016","590 NW OAK DR","11/17/2020","$154,000.00","Qualified","01","0.49","Residential","1969","1946","$79.14","HEWLETT HILLS SUB"
"077E010148","3231 SE QUINCEY CROSSING","11/17/2020","$195,000.00","Qualified","01","0.21","Residential","2002","2023","$96.39","OLDE SALEM TOWNSHIP"
"0770020012","982 SE VINEYARD DR","11/16/2020","$365,000.00","Qualified","01","1.39","Residential","1983","3002","$121.59","MARTHAS VINYARD"
"032C010106","2504 SW STEDMAN LN","11/16/2020","$346,500.00","Qualified","01","0.69","Residential","1997","2716","$127.58","DEER FOREST"
"0790020116","1124 SE CARILLON DR","11/16/2020","$329,500.00","Qualified","01","0.0","Residential","2017","3241","$101.67","CARILLON"
"0680010046","1239 NE BROOKSTONE CIR","11/16/2020","$298,570.00","Qualified","01","0.23","Residential","2020","2560","$116.63","BROOKSTONE LAKES"
"079B010072","3316 SE OLD SALEM RD","11/16/2020","$162,900.00","Qualified","01","0.0","Residential","1967","1628","$100.06","SURREY ESTATES"
"0920010246","2576 NE PATTINGTON WAY","11/16/2020","$550,000.00","Qualified","01","5.14","Residential","2020","4226","$130.15","POINTE ROYAL"
"0870010046","2620 NE DENNARD RD","11/16/2020","$272,500.00","Qualified","01","2.86","Residential","1984","2040","$133.58","RURAL MAP 87"
"077B010141","1252 SE JIMSON CIR","11/15/2020","$327,000.00","Qualified","01","0.96","Residential","1988","3043","$107.46","IRWIN PLACE"
"010D010096","2105 SW WATTS LN","11/13/2020","$221,096.00","Qualified","01","0.0","Residential","2020","1792","$123.38","ELLIS POINTE"
"011C010017","1042 SW FALLS BROOKE DR","11/13/2020","$285,000.00","Qualified","01","1.59","Residential","2002","2744","$103.86","THE FALLS AT BRIDGEWATER"
"051A010237","5519 SW DEER RUN DR","11/13/2020","$200,000.00","Qualified","01","1.66","Residential","1985","2224","$89.93","DEER RUN"
"058001004G","5035 NE HIGHWAY 20","11/13/2020","$152,800.00","Qualified","01","4.88","Residential","1983","2134","$71.60","RURAL MAP 58"
"0890010083","2940 NE CENTENNIAL DR","11/13/2020","$373,230.00","Qualified","01","0.34","Residential","2020","3009","$124.04","CENTENNIAL VILLAGE"
"051B010077","5016 SE LAKE FOREST DR","11/13/2020","$214,900.00","Qualified","01","0.57","Residential","1978","1752","$122.66","MEADOWBROOK SUBD"
"051B010456","4740 SE MEADOWLARK DR","11/13/2020","$245,000.00","Qualified","01","0.48","Residential","1989","2337","$104.84","MEADOWBROOK SUBD"
"0110010057","1516 SW NORTHPOINT CT","11/12/2020","$417,000.00","Qualified","01","1.3","Residential","2020","3916","$106.49","COVENTRY"
"0110010058","1512 SW NORTHPOINT CT","11/12/2020","$389,800.00","Qualified","01","1.07","Residential","2020","3916","$99.54","COVENTRY"
"049A010200","3512 SE CLUBHOUSE LN","11/12/2020","$176,000.00","Qualified","01","0.61","Residential","1981","1596","$110.28","HONEY CREEK"
"079C01345A","3474 SE UNDERWOOD RD","11/12/2020","$265,000.00","Qualified","01","1.17","Residential","1983","2860","$92.66","SALEM LAKE SUB"
"027001015A","2000 SW MCDANIEL MILL RD","11/12/2020","$270,000.00","Qualified","01","3.33","Residential","1988","2464","$109.58","RURAL MAP 27"
"051B010070","633 SE GLENRIDGE CT","11/12/2020","$185,000.00","Qualified","01","0.28","Residential","1986","1674","$110.51","MEADOWBROOK SUBD"
"0110010055","1528 SW NORTHPOINT CT","11/12/2020","$424,500.00","Qualified","01","0.24","Residential","2020","3916","$108.40","COVENTRY"
"027A010105","2337 SW CEDAR MILL DR","11/12/2020","$219,999.00","Qualified","01","0.84","Residential","1972","2304","$95.49","HIDDEN ACRES1"
"080C010133","3525 SE TIFFANY DR","11/12/2020","$237,000.00","Qualified","01","0.0","Residential","1992","2228","$106.37","STONEY BROOK"
"079D010387","3147 SE EAST BRIAN'S CREEK DR","11/10/2020","$263,000.00","Qualified","01","0.37","Residential","1998","2220","$118.47","IVY BLUFF"
"029B010056","2602 SW CARRINGTON WAY","11/10/2020","$505,000.00","Qualified","01","0.64","Residential","2005","4504","$112.12","NEW HAVEN"
"0570060009","1714 NW SIGMAN EAST DR","11/10/2020","$153,000.00","Qualified","01","0.0","Residential","1980","1245","$122.89","SIGMAN EAST"
"075A010039","1610 SE WALNUT ST","11/6/2020","$126,000.00","Qualified","01","0.53","Residential","1970","1500","$84.00","PINE FOREST SD"
"075A010038","1602 SE WALNUT ST","11/6/2020","$170,000.00","Qualified","01","0.52","Residential","1970","2696","$63.06","PINE FOREST SD"
"077B010157","955 SE WOOD SAGE CT","11/6/2020","$240,000.00","Qualified","01","1.23","Residential","1988","2051","$117.02","IRWIN PLACE"
"090B010154","1597 NE PICADILLY CT","11/6/2020","$185,000.00","Qualified","01","0.32","Residential","1992","1876","$98.61","CHELSEA DOWNS SUB"
"0010030003","5931 SW BRASSIE RIDGE LN","11/6/2020","$215,000.00","Qualified","01","0.49","Residential","1978","3191","$67.38","LITTLE MTN EST"
"0300010168","1811 SW HIGHRIDGE DR","11/6/2020","$273,750.00","Qualified","01","1.76","Residential","1984","2476","$110.56","FOREST EDGE"
"053001055A","3170 NE ZINGARA RD","11/6/2020","$265,000.00","Qualified","01","4.1","Residential","1965","2262","$117.15","RURAL MAP 53"
"0790020133","1113 SE CARILLON DR","11/6/2020","$345,000.00","Qualified","01","0.0","Residential","2007","3630","$95.04","CARILLON"
"026A010045","2613 SW OLDE IVY LN","11/6/2020","$285,000.00","Qualified","01","0.61","Residential","2001","3033","$93.97","THE COLUMNS SUB"
"0300010119","2650 SW HONEY CREEK RD","11/6/2020","$400,000.00","Qualified","01","5.0","Residential","1987","4040","$99.01","EAST MILL FOREST U1"
"0690010201","1657 NE VILLAGE PLACE CIR","11/6/2020","$220,000.00","Qualified","01","0.23","Residential","2003","2670","$82.40","VILLAGE PLACE"
"049A010021","729 SE SUGAR CREEK TRL","11/6/2020","$240,000.00","Qualified","01","0.33","Residential","1973","2770","$86.64","HONEY CREEK"
"051B010150","601 SE TAHOE CIR","11/6/2020","$225,000.00","Qualified","01","0.56","Residential","1974","2878","$78.18","MEADOWBROOK SUBD"
"011A010023","2890 SW GLENHAVEN CT","11/6/2020","$200,000.00","Qualified","01","1.99","Residential","1975","1956","$102.25","HAVENRIDGE SUB"
"011B010058","2821 SW STONE BRIDGE TRL","11/6/2020","$223,000.00","Qualified","01","0.62","Residential","1993","2138","$104.30","BRIDGE WATER PLACE"
"051A010123","5131 SW EAST SHORE DR","11/6/2020","$283,000.00","Qualified","01","1.0","Residential","1977","2020","$140.10","DEER RUN"
"093B010027","2571 SE HIGHLAND GOLF COURSE DR","11/5/2020","$219,999.00","Qualified","01","0.48","Residential","1981","2470","$89.07","FIELDSTONE"
"051C010242","4904 SE CEDAR CT","11/5/2020","$176,900.00","Qualified","01","0.41","Residential","1987","1326","$133.41","CEDAR BROOK"
"0920010152","2413 NE BRYNLYN WOODS DR","11/5/2020","$350,000.00","Qualified","01","0.63","Residential","2005","3602","$97.17","BRYNLYN WOODS"
"093B010063","2527 SE HIGHLAND DR","11/5/2020","$170,000.00","Qualified","01","0.58","Residential","1973","3385","$50.22","FIELDSTONE"
"050A010024","1104 SE PLANTATION DR","11/5/2020","$204,000.00","Qualified","01","0.46","Residential","1987","1396","$146.13","PLANTATION WOODS"
"C160020022","960 SW BRYANT ST","11/5/2020","$50,000.00","Qualified","01","0.28","Residential","1962","1608","$31.09","CITY MAP 16"
"0190090013","2528 NW LAKE CAPRI DR","11/5/2020","$200,000.00","Qualified","01","0.53","Residential","1972","1580","$126.58","LAKE CAPRI"
"037001033E","2993 NW BONDS LAKE RD","11/4/2020","$230,000.00","Qualified","01","2.35","Residential","1958","2030","$113.30","RURAL MAP 37"
"046B010409","1903 SE SHELDON LN","11/3/2020","$269,900.00","Qualified","01","0.48","Residential","1998","2818","$95.78","WEATHERSTONE"
"032B010042","4803 SW CAMDEN DR","11/4/2020","$290,000.00","Qualified","01","0.0","Residential","1998","2352","$123.30","MANCHESTER"
"051001065A","1166 SE KINNETT RD","11/4/2020","$300,000.00","Qualified","01","3.95","Residential","2005","3482","$86.16","KINNETT FARMS"
"075A010082","1841 SE OLD SALEM RD","11/4/2020","$200,000.00","Qualified","01","0.46","Residential","1971","2176","$91.91","PINE FOREST SD"
"0290020110","2475 SW NUGGET DR","11/4/2020","$120,000.00","Qualified","01","0.0","Residential","1987","1397","$85.90","HERITAGE EST"
"0300010040","1931 SW GOODE RD","11/4/2020","$450,000.00","Qualified","01","2.44","Residential","2003","2460","$182.93","TIMBER RIDGE"
"0660110016","1802 NE SPRING ST","11/4/2020","$99,000.00","Qualified","01","0.35","Residential","1910","841","$117.72","MILLSTEAD VILLAGE"
"091A010065","4003 NE HARNESS LN","11/4/2020","$379,900.00","Qualified","01","0.0","Residential","2020","3183","$119.35","MCCART LANDING"
"0660020019","1750 NE RIVER ST","11/4/2020","$60,000.00","Qualified","01","0.0","Residential","1900","1042","$57.58","MILLSTEAD VILLAGE"
"054A010033","1366 NE COUNTRY LANE DR","11/3/2020","$110,000.00","Qualified","01","0.43","Residential","1980","1536","$71.61","COUNTRY LANE EST"
"0680010044","1235 NE BROOKSTONE CIR","11/3/2020","$259,805.00","Qualified","01","0.24","Residential","2020","2619","$99.20","BROOKSTONE LAKES"
"0680010047","1241 NE BROOKSTONE CIR","11/3/2020","$318,130.00","Qualified","01","0.21","Residential","2020","2866","$111.00","BROOKSTONE LAKES"
"077C010263","2359 SE BRENTMOORE POINT","11/2/2020","$305,000.00","Qualified","01","0.41","Residential","1996","3579","$85.22","THE OAKES at BRENTWOOD"
"053001011A","1819 NE SHEFFIELD RD","11/2/2020","$183,500.00","Qualified","01","2.91","Residential","1985","1646","$111.48","RURAL MAP 53"
"0110010065","1461 SW KINGS POINT WAY","11/2/2020","$416,900.00","Qualified","01","0.96","Residential","2020","2871","$145.21","COVENTRY"
"0300010231","2720 SW MILLSIDE DR","11/2/2020","$340,000.00","Qualified","01","1.68","Residential","2001","3136","$108.42","EAST MILL FOREST/ABBEY"
"032D010034","1437 SW COTTON TRL","11/2/2020","$260,000.00","Qualified","01","0.72","Residential","2003","3124","$83.23","GATES OF DEER RUN"
"080A010026","4356 SE HIGHWAY 20","11/2/2020","$149,900.00","Qualified","01","0.83","Residential","1954","1272","$117.85","VILLAGE GREEN"
